{
    "Logistic_Regression": {
        "accuracy": 0.7988826815642458,
        "precision": 0.7619047619047619,
        "recall": 0.6956521739130435,
        "f1_score": 0.7272727272727273
    },
    "Decision_Tree": {
        "accuracy": 0.7653631284916201,
        "precision": 0.7547169811320755,
        "recall": 0.5797101449275363,
        "f1_score": 0.6557377049180327
    },
    "Random_Forest": {
        "accuracy": 0.7877094972067039,
        "precision": 0.8163265306122449,
        "recall": 0.5797101449275363,
        "f1_score": 0.6779661016949152
    }
}